std_id,acres,description
15588_1,57.2,Planted Longleaf Pine Forest
15588_10,9.88,Planted Loblolly Pine Forest
15588_100,14.26,Planted Longleaf Pine Forest
15588_101,13.02,Natural Loblolly Pine Forest
15588_102,19.04,Upland Hardwood Forest
15588_103,1.45,Mesic Hardwood Forest
15588_104,99.18,Planted Longleaf Pine Forest
15588_105,81.03,Natural Longleaf Pine Forest
15588_106,0.74,Nontimbered
15588_107,16.43,Upland Hardwood Forest
15588_108,18.7,Mesic Hardwood Forest
15588_109,16.75,Natural Longleaf Pine Forest
15588_11,12.25,Planted Loblolly Pine Forest
15588_111,51.5,Natural Longleaf Pine Forest
15588_112,127.35,Natural Longleaf Pine Forest
15588_113,22.75,Upland Hardwood Forest
15588_114,7.11,Natural Longleaf Pine Forest
15588_115,2.73,Natural Longleaf Pine Forest
15588_116,19.99,Upland Hardwood Forest
15588_117,112.99,Natural Longleaf Pine Forest
15588_118,7.71,Nontimbered
15588_118,329.14,Mesic Hardwood Forest
15588_119,24.61,Natural Longleaf Pine Forest
15588_12,28,Planted Loblolly Pine Forest
15588_120,98.39,Planted Loblolly Pine Forest
15588_121,1.03,Nontimbered
15588_123,7.19,Planted Longleaf Pine Forest
15588_124,37.56,Mesic Hardwood Forest
15588_125,60.96,Natural Longleaf Pine Forest
15588_126,53.57,Upland Hardwood Forest
15588_127,0.45,Nontimbered
15588_128,82.58,Planted Longleaf Pine Forest
15588_13,18.37,Natural Longleaf Pine Forest
15588_130,36.77,Planted Longleaf Pine Forest
15588_131,1.51,Nontimbered
15588_132,0.08,Nontimbered
15588_133,0.37,Nontimbered
15588_134,106.62,Planted Loblolly Pine Forest
15588_135,2.76,Nontimbered
15588_136,3.79,Planted Loblolly Pine Forest
15588_137,30.3,Natural Longleaf Pine Forest
15588_138,32.36,Planted Longleaf Pine Forest
15588_139,4.4,Upland Hardwood Forest
15588_14,18.71,Natural Loblolly Pine Forest
15588_140,7.93,Natural Longleaf Pine Forest
15588_141,26.94,Natural Longleaf Pine Forest
15588_142,0.17,Nontimbered
15588_143,0.7,Nontimbered
15588_144,10.61,Natural Longleaf Pine Forest
15588_145,12.16,Natural Longleaf Pine Forest
15588_146,12.95,Upland Hardwood Forest
15588_147,30.66,Planted Loblolly Pine Forest
15588_148,13.39,Planted Loblolly Pine Forest
15588_149,92.79,Planted Loblolly Pine Forest
15588_15,23.91,Natural Longleaf Pine Forest
15588_150,15.95,Natural Loblolly Pine Forest
15588_151,10.83,Planted Longleaf Pine Forest
15588_152,7.26,Planted Longleaf Pine Forest
15588_153,4.94,Natural Loblolly Pine Forest
15588_154,4.81,Planted Loblolly Pine Forest
15588_155,4.1,Natural Loblolly Pine Forest
15588_156,5.6,Natural Loblolly Pine Forest
15588_157,5.57,Mesic Hardwood Forest
15588_159,32.2,Natural Loblolly Pine Forest
15588_16,2.01,Natural Longleaf Pine Forest
15588_161,4.61,Mesic Hardwood Forest
15588_162,47.19,Natural Loblolly Pine Forest
15588_163,17.21,Natural Loblolly Pine Forest
15588_164,4.16,Natural Loblolly Pine Forest
15588_165,16.01,Natural Loblolly Pine Forest
15588_166,41.15,Natural Loblolly Pine Forest
15588_167,15.43,Natural Loblolly Pine Forest
15588_168,5,Natural Loblolly Pine Forest
15588_169,15.63,Upland Hardwood Forest
15588_17,35.38,Natural Loblolly Pine Forest
15588_170,12.12,Natural Loblolly Pine Forest
15588_173,31.69,Planted Loblolly Pine Forest
15588_174,70.58,Natural Longleaf Pine Forest
15588_175,23.33,Natural Longleaf Pine Forest
15588_177,24.69,Upland Hardwood Forest
15588_178,13.48,Natural Longleaf Pine Forest
15588_179,5.89,Natural Loblolly Pine Forest
15588_18,98.36,Planted Longleaf Pine Forest
15588_18,47.35,Planted Longleaf Pine Forest
15588_180,8.73,Natural Loblolly Pine Forest
15588_181,6.16,Natural Longleaf Pine Forest
15588_182,29.82,Upland Hardwood Forest
15588_183,60.05,Natural Longleaf Pine Forest
15588_184,67.3,Mesic Hardwood Forest
15588_185,54.27,Natural Longleaf Pine Forest
15588_187,25.15,Natural Longleaf Pine Forest
15588_188,24.84,Natural Longleaf Pine Forest
15588_189,16.19,Natural Longleaf Pine Forest
15588_19,71.76,Natural Loblolly Pine Forest
15588_190,17.22,Planted Loblolly Pine Forest
15588_191,18.65,Planted Longleaf Pine Forest
15588_192,0.66,Nontimbered
15588_193,22.6,Natural Loblolly Pine Forest
15588_194,0.53,Nontimbered
15588_196,11.23,Mesic Hardwood Forest
15588_197,22.57,Mesic Hardwood Forest
15588_198,12.72,Planted/Naturalized Sand Pine Forest
15588_199,2.29,Natural Longleaf Pine Forest
15588_2,8.03,Planted Longleaf Pine Forest
15588_20,56.52,Natural Loblolly Pine Forest
15588_202,1.98,Nontimbered
15588_204,41.07,Natural Loblolly Pine Forest
15588_205,0.48,Upland Hardwood Forest
15588_206,22.08,Mesic Hardwood Forest
15588_207,41.35,Natural Loblolly Pine Forest
15588_208,9.4,Planted Loblolly Pine Forest
15588_209,2.98,Planted Longleaf Pine Forest
15588_21,40.46,Natural Longleaf Pine Forest
15588_211,41.23,Planted Longleaf Pine Forest
15588_213,11,Planted Longleaf Pine Forest
15588_214,85.47,Planted Longleaf Pine Forest
15588_219,42.91,Natural Loblolly Pine Forest
15588_22,10.14,Nontimbered
15588_220,15.56,Planted Longleaf Pine Forest
15588_221,139.66,Planted Longleaf Pine Forest
15588_223,32.12,Planted Longleaf Pine Forest
15588_224,68.97,Planted Longleaf Pine Forest
15588_225,8.69,Upland Hardwood Forest
15588_226,5.43,Natural Loblolly Pine Forest
15588_228,55.35,Planted Longleaf Pine Forest
15588_229,77.78,Planted Longleaf Pine Forest
15588_23,14.88,Natural Loblolly Pine Forest
15588_231,2.26,Nontimbered
15588_232,58.53,Planted Longleaf Pine Forest
15588_233,127.03,Planted Longleaf Pine Forest
15588_234,5.33,Upland Hardwood Forest
15588_235,4.53,Upland Hardwood Forest
15588_237,6.11,Upland Hardwood Forest
15588_239,14.67,Natural Loblolly Pine Forest
15588_24,24.71,Planted Longleaf Pine Forest
15588_24,20.29,Planted Longleaf Pine Forest
15588_240,6.86,Natural Longleaf Pine Forest
15588_241,29.98,Upland Hardwood Forest
15588_242,23.38,Upland Hardwood Forest
15588_243,20.59,Natural Loblolly Pine Forest
15588_244,76.19,Planted Longleaf Pine Forest
15588_245,77.4,Planted Longleaf Pine Forest
15588_247,0.06,Nontimbered
15588_248,1.92,Planted Longleaf Pine Forest
15588_249,11.13,Upland Hardwood Forest
15588_250,13.26,Natural Loblolly Pine Forest
15588_251,22.2,Natural Loblolly Pine Forest
15588_252,19.9,Natural Longleaf Pine Forest
15588_254,7.08,Planted Loblolly Pine Forest
15588_255,8.8,Upland Hardwood Forest
15588_256,7.12,Upland Hardwood Forest
15588_258,6.43,Upland Hardwood Forest
15588_259,54.96,Natural Longleaf Pine Forest
15588_26,2.79,Natural Longleaf Pine Forest
15588_260,16.39,Mesic Hardwood Forest
15588_261,24.86,Natural Longleaf Pine Forest
15588_263,22.24,Natural Longleaf Pine Forest
15588_265,27.83,Natural Longleaf Pine Forest
15588_267,13.83,Natural Longleaf Pine Forest
15588_27,27.15,Mesic Hardwood Forest
15588_28,28.45,Natural Loblolly Pine Forest
15588_29,4.63,Natural Loblolly Pine Forest
15588_3,45.31,Planted Longleaf Pine Forest
15588_30,50.49,Planted Longleaf Pine Forest
15588_31,18.75,Planted Longleaf Pine Forest
15588_32,22.64,Natural Loblolly Pine Forest
15588_33,8.33,Planted Longleaf Pine Forest
15588_34,5.59,Planted Loblolly Pine Forest
15588_35,27.69,Mesic Hardwood Forest
15588_36,11.37,Natural Loblolly Pine Forest
15588_37,7.63,Natural Loblolly Pine Forest
15588_38,1.39,Nontimbered
15588_39,142.23,Natural Loblolly Pine Forest
15588_4,0.7,Nontimbered
15588_40,11.68,Mesic Hardwood Forest
15588_41,0.65,Nontimbered
15588_43,0.8,Upland Hardwood Forest
15588_44,24.69,Planted Longleaf Pine Forest
15588_45,184.22,Mesic Hardwood Forest
15588_46,16.19,Natural Loblolly Pine Forest
15588_47,4.93,Natural Loblolly Pine Forest
15588_48,23.9,Planted Longleaf Pine Forest
15588_49,10.39,Natural Loblolly Pine Forest
15588_5,2.42,Nontimbered
15588_50,2.8,Planted Longleaf Pine Forest
15588_51,0.38,Natural Longleaf Pine Forest
15588_52,9.75,Planted Loblolly Pine Forest
15588_53,0.47,Nontimbered
15588_54,34.3,Natural Loblolly Pine Forest
15588_55,7.49,Natural Loblolly Pine Forest
15588_56,1.17,Natural Longleaf Pine Forest
15588_562,5.16,Planted Loblolly Pine Forest
15588_563,8.51,Mesic Hardwood Forest
15588_564,42.29,Natural Loblolly Pine Forest
15588_565,7.31,Planted Longleaf Pine Forest
15588_57,6.01,Nontimbered
15588_58,6.92,Nontimbered
15588_59,13.09,Upland Hardwood Forest
15588_6,46.72,Planted Loblolly Pine Forest
15588_60,17.16,Planted Longleaf Pine Forest
15588_61,763.15,Mesic Hardwood Forest
15588_62,24.29,Planted Longleaf Pine Forest
15588_63,11.43,Natural Longleaf Pine Forest
15588_64,49.73,Natural Loblolly Pine Forest
15588_65,31.52,Planted Loblolly Pine Forest
15588_66,1.86,Natural Longleaf Pine Forest
15588_67,42.3,Planted Longleaf Pine Forest
15588_68,57.77,Planted Longleaf Pine Forest
15588_69,0.49,Nontimbered
15588_69,6.56,Natural Loblolly Pine Forest
15588_7,0.43,Nontimbered
15588_70,24.32,Planted Loblolly Pine Forest
15588_71,0.55,Nontimbered
15588_73,39.72,Natural Loblolly Pine Forest
15588_74,22.02,Natural Longleaf Pine Forest
15588_75,31.6,Planted Loblolly Pine Forest
15588_76,0.65,Nontimbered
15588_77,74.7,Planted Longleaf Pine Forest
15588_78,50.89,Planted Longleaf Pine Forest
15588_79,32.2,Natural Loblolly Pine Forest
15588_8,0.31,Nontimbered
15588_80,111.03,Planted Longleaf Pine Forest
15588_81,21.18,Nontimbered
15588_82,19.44,Planted Longleaf Pine Forest
15588_83,57.68,Planted Longleaf Pine Forest
15588_84,35.32,Planted Loblolly Pine Forest
15588_85,22.23,Planted Loblolly Pine Forest
15588_87,65.99,Mesic Hardwood Forest
15588_88,10.47,Natural Loblolly Pine Forest
15588_89,41.51,Planted Loblolly Pine Forest
15588_9,0.58,Nontimbered
15588_90,18.84,Natural Loblolly Pine Forest
15588_91,44.1,Planted Loblolly Pine Forest
15588_92,211.6,Planted/Naturalized Sand Pine Forest
15588_93,7.41,Mesic Hardwood Forest
15588_94,1.84,Mesic Hardwood Forest
15588_95,12.74,Planted Loblolly Pine Forest
15588_96,18.65,Natural Longleaf Pine Forest
15588_97,4.14,Nontimbered
15588_98,7.53,Natural Longleaf Pine Forest
15588_99,58.32,Planted Longleaf Pine Forest
15589_268,356.54,Planted Loblolly Pine Forest
15589_269,37.88,Mesic Hardwood Forest
15590_271,12.85,Upland Hardwood Forest
15590_272,2.71,Nontimbered
15590_273,8.06,Upland Hardwood Forest
15590_274,13.9,"Non-Forest, Plantable"
15590_275,14.1,Nontimbered
15590_276,25.75,Upland Hardwood Forest
15590_277,3.65,Nontimbered
15590_278,5.63,Upland Hardwood Forest
15590_279,4.71,Nontimbered
15590_280,6.88,Natural Longleaf Pine Forest
15590_281,0.7,Nontimbered
15590_282,8.11,"Non-Forest, Plantable"
15590_283,1.66,Planted Longleaf Pine Forest
15591_278,44.95,Planted Loblolly Pine Forest
15591_279,63.8,Planted Loblolly Pine Forest
15591_280,10.88,Upland Hardwood Forest
15591_281,34.89,Mesic Hardwood Forest
15591_282,15.97,Upland Hardwood Forest
15591_283,0.55,Nontimbered
15591_284,3.43,Nontimbered
15591_285,33.24,Natural Longleaf Pine Forest
15591_286,5.27,Natural Loblolly Pine Forest
15591_287,4.96,Natural Loblolly Pine Forest
15591_288,53.45,Planted Loblolly Pine Forest
15591_289,14.76,Planted Loblolly Pine Forest
15591_290,32.64,Planted Loblolly Pine Forest
15591_291,13.12,Upland Hardwood Forest
15591_292,6.82,Nontimbered
15591_293,19.08,Planted Slash Pine Forest
15591_294,28.83,Planted Loblolly Pine Forest
15591_295,38.55,Planted Loblolly Pine Forest
15591_296,1.39,Nontimbered
15592_297,20.12,Nontimbered
15592_298,6.01,Planted Longleaf Pine Forest
15592_299,72.15,Planted Longleaf Pine Forest
15592_300,4.34,Natural Longleaf Pine Forest
15592_301,9.52,Planted Longleaf Pine Forest
15592_302,8.96,Planted Loblolly Pine Forest
15592_303,3.62,Natural Longleaf Pine Forest
15592_304,1.64,Planted Longleaf Pine Forest
15592_305,3.38,Upland Hardwood Forest
15592_306,8.14,Planted Longleaf Pine Forest
15592_308,4.31,Natural Loblolly Pine Forest
15592_309,3.86,Planted Longleaf Pine Forest
15592_310,17.44,Natural Loblolly Pine Forest
15592_311,4.31,Natural Loblolly Pine Forest
15592_313,37.52,Planted Longleaf Pine Forest
15592_314,6.32,Natural Longleaf Pine Forest
15592_315,11.19,Natural Longleaf Pine Forest
15592_316,9.46,Natural Loblolly Pine Forest
15592_316,35.03,Natural Longleaf Pine Forest
15592_317,10.57,Planted Longleaf Pine Forest
15592_318,10.95,Planted Longleaf Pine Forest
15592_319,8.4,Planted Longleaf Pine Forest
15592_320,9.6,Natural Longleaf Pine Forest
15592_322,38.61,Planted Longleaf Pine Forest
15592_323,14.31,Natural Longleaf Pine Forest
15592_324,12.35,Planted Longleaf Pine Forest
15592_324,9.11,Planted Longleaf Pine Forest
15592_325,1.81,Natural Longleaf Pine Forest
15592_326,7.34,Natural Longleaf Pine Forest
15592_327,10.29,Natural Longleaf Pine Forest
15592_330,19.54,Loblolly Pine Forest underplanted with Longleaf
15592_331,10.16,Natural Longleaf Pine Forest
15592_332,16.52,Planted Loblolly Pine Forest
15592_333,40.51,Planted Longleaf Pine Forest
15592_334,3.72,Natural Longleaf Pine Forest
15592_336,43.51,Mesic Hardwood Forest
15592_337,13.74,Planted Loblolly Pine Forest
15592_338,2.41,Planted Longleaf Pine Forest
15592_339,2.48,Natural Longleaf Pine Forest
15592_340,51.05,Natural Loblolly Pine Forest
15592_340,3.61,Natural Loblolly Pine Forest
15592_341,13.68,Planted Loblolly Pine Forest
15592_342,0.59,Nontimbered
15592_343,10.41,Planted Loblolly Pine Forest
15592_344,15.57,Planted Longleaf Pine Forest
15592_345,39.75,Planted Longleaf Pine Forest
15592_346,4.42,Planted Longleaf Pine Forest
15592_347,29.5,Planted Longleaf Pine Forest
15592_349,9.35,Planted Longleaf Pine Forest
15592_350,9.99,Planted Longleaf Pine Forest
15592_351,3.74,Natural Longleaf Pine Forest
15592_352,2.73,Natural Longleaf Pine Forest
15592_353,13.19,Planted Longleaf Pine Forest
15592_354,5.99,Planted Longleaf Pine Forest
15592_355,2.12,Natural Loblolly Pine Forest
15593_355,4.11,Upland Hardwood Forest
15593_355,43.35,Upland Hardwood Forest
15593_356,44.52,Planted Longleaf Pine Forest
15593_357,64.98,Planted Longleaf Pine Forest
15593_359,65.45,Planted Longleaf Pine Forest
15593_360,24.36,Natural Loblolly Pine Forest
15593_361,11.34,Natural Loblolly Pine Forest
15593_362,8.41,Upland Hardwood Forest
15593_363,2.84,Nontimbered
15594_365,52.42,Planted Longleaf Pine Forest
15594_366,9.35,Planted Longleaf Pine Forest
15594_367,21.15,Planted Longleaf Pine Forest
15594_368,26.83,Planted Longleaf Pine Forest
15594_369,42.99,Planted Longleaf Pine Forest
15594_370,5.58,Planted Longleaf Pine Forest
15594_371,18.06,Planted Loblolly Pine Forest
15594_372,18.15,Planted Loblolly Pine Forest
15594_373,82.61,Planted Longleaf Pine Forest
15594_374,22.46,Planted Longleaf Pine Forest
15594_375,24.51,Planted Loblolly Pine Forest
15594_376,6.27,Planted Longleaf Pine Forest
15594_377,4.19,Planted Longleaf Pine Forest
15594_378,0.99,Nontimbered
15594_379,6.04,Natural Loblolly Pine Forest
15594_380,4.07,Natural Loblolly Pine Forest
15595_376,106.72,Planted Loblolly Pine Forest
15595_377,26.54,Natural Loblolly Pine Forest
15595_378,31.97,Planted Loblolly Pine Forest
15595_379,24.76,Natural Loblolly Pine Forest
15595_380,22.05,Natural Loblolly Pine Forest
15595_381,80.74,Planted Loblolly Pine Forest
15595_382,8.99,Mesic Hardwood Forest
15596_386,3.46,Nontimbered
15596_387,29.05,Natural Loblolly Pine Forest
15596_388,23.86,Natural Loblolly Pine Forest
15596_389,32.54,Natural Loblolly Pine Forest
15596_390,37.25,Natural Loblolly Pine Forest
15597_391,121.17,Upland Hardwood Forest
15597_391,7.22,Upland Hardwood Forest
15597_392,20.01,Nontimbered
15597_393,67.69,Upland Hardwood Forest
15597_395,29.74,Natural Loblolly Pine Forest
15597_396,3.81,Natural Loblolly Pine Forest
15597_397,10.38,Natural Loblolly Pine Forest
15597_400,102.89,Natural Loblolly Pine Forest
15597_400,1.16,Nontimbered
15598_402,144.85,Planted Loblolly Pine Forest
15598_403,19.79,Natural Loblolly Pine Forest
15598_404,28.57,Planted Loblolly Pine Forest
15598_405,54.8,Natural Loblolly Pine Forest
15598_407,47.47,Planted Loblolly Pine Forest
15598_408,10.13,Upland Hardwood Forest
15598_409,153.44,Planted Loblolly Pine Forest
15598_410,11.86,Natural Loblolly Pine Forest
15598_411,8.59,Nontimbered
15598_412,3.82,Nontimbered
15598_413,2.35,Nontimbered
15598_414,0.89,Nontimbered
15598_415,138.84,Planted Loblolly Pine Forest
15598_416,4.64,Nontimbered
15598_417,2.11,Nontimbered
15598_418,42.17,Nontimbered
15598_419,6.93,Natural Loblolly Pine Forest
15598_420,7.73,Nontimbered
15598_421,16.62,Natural Longleaf Pine Forest
15598_422,11.74,Nontimbered
15598_423,80.33,Natural Longleaf Pine Forest
15598_424,4.63,Nontimbered
15598_425,0.6,Nontimbered
15598_425,58.59,Mesic Hardwood Forest
15598_426,10.83,Nontimbered
15598_427,5.55,Nontimbered
15598_428,5.72,Mesic Hardwood Forest
15598_429,24.25,Upland Hardwood Forest
15598_430,22.74,Natural Longleaf Pine Forest
15598_431,46.32,Natural Loblolly Pine Forest
15598_432,2.35,Nontimbered
15598_433,3.84,Nontimbered
15598_434,23.37,Natural Loblolly Pine Forest
15598_435,14.04,Natural Loblolly Pine Forest
15598_436,46.32,Natural Longleaf Pine Forest
15598_437,39.81,Natural Loblolly Pine Forest
15598_438,28.95,Natural Loblolly Pine Forest
15598_439,2.81,Nontimbered
15598_441,7.26,Natural Longleaf Pine Forest
15598_442,39.59,Planted Loblolly Pine Forest
15598_443,2.78,Nontimbered
15598_443,15.06,Natural Longleaf Pine Forest
15598_444,7.32,Nontimbered
15599_445,33.83,Planted/Naturalized Sand Pine Forest
15599_446,21.88,Planted/Naturalized Sand Pine Forest
15599_447,32.89,"Non-Forest, Plantable"
15599_448,12.42,Planted/Naturalized Sand Pine Forest
15599_449,2.08,Planted Loblolly Pine Forest
15599_450,15.89,Nontimbered
15599_450,79.02,Natural Loblolly Pine Forest
15599_451,70.5,Upland Hardwood Forest
15599_452,16.31,Nontimbered
15599_453,4.43,Nontimbered
15599_454,2.63,Nontimbered
15599_455,1.38,Nontimbered
15599_455,44.94,Mesic Hardwood Forest
15599_456,4.24,Upland Hardwood Forest
15599_457,37.16,Upland Hardwood Forest
15599_458,6.1,Mesic Hardwood Forest
15599_459,14.66,Nontimbered
15599_460,22.48,Natural Loblolly Pine Forest
15599_461,13.8,Mesic Hardwood Forest
15599_462,30.3,Natural Loblolly Pine Forest
15599_463,20.68,Natural Loblolly Pine Forest
15599_464,5.22,Nontimbered
15599_465,2.01,Nontimbered
15599_466,1.82,Nontimbered
15599_467,2.71,Nontimbered
15599_468,93.83,Upland Hardwood Forest
15599_469,2.85,Nontimbered
15599_469,6.5,Natural Loblolly Pine Forest
15599_470,11.33,Mesic Hardwood Forest
15599_471,19.53,Natural Loblolly Pine Forest
15599_472,2.1,Nontimbered
15599_473,37.65,Natural Longleaf Pine Forest
15599_474,2.44,Nontimbered
15599_475,17,Nontimbered
15599_476,31.31,Natural Longleaf Pine Forest
15599_477,2.49,Nontimbered
15599_478,6.41,Natural Longleaf Pine Forest
15599_479,50.48,Planted Slash Pine Forest
15599_480,36.04,Nontimbered
15599_481,30.6,Natural Longleaf Pine Forest
15599_482,19.36,Natural Longleaf Pine Forest
15599_483,2.8,Nontimbered
15599_484,4.07,Planted/Naturalized Sand Pine Forest
15599_485,2.69,Nontimbered
15599_486,5.04,Nontimbered
15599_487,13.71,Planted Slash Pine Forest
15599_488,1.91,Nontimbered
15599_489,4.54,Nontimbered
15599_490,24.21,Nontimbered
15599_491,34.15,Upland Hardwood Forest
15599_492,43.89,Natural Longleaf Pine Forest
15599_493,9.31,Nontimbered
15599_494,3.67,Nontimbered
15599_495,5.61,Planted/Naturalized Sand Pine Forest
15599_496,10.91,Upland Hardwood Forest
15599_497,2.94,Nontimbered
15599_498,18.37,Natural Longleaf Pine Forest
15599_499,13.15,Upland Hardwood Forest
15599_500,19.65,Natural Longleaf Pine Forest
15599_501,26.9,Natural Longleaf Pine Forest
15599_502,32.17,Upland Hardwood Forest
15599_503,26.16,Upland Hardwood Forest
15599_504,1.22,Nontimbered
15599_505,8.03,Nontimbered
15599_506,31.62,Mesic Hardwood Forest
15599_506,4.87,Mesic Hardwood Forest
15599_506,3.98,Mesic Hardwood Forest
15599_506,13.05,Mesic Hardwood Forest
15599_506,9.87,Mesic Hardwood Forest
15599_506,9.99,Mesic Hardwood Forest
15599_506,0.55,Mesic Hardwood Forest
15599_507,2.03,Natural Longleaf Pine Forest
15599_508,14.56,Nontimbered
15599_509,11.94,Natural Loblolly Pine Forest
15600_510,2.25,Nontimbered
15600_511,2.04,Natural Loblolly Pine Forest
15600_512,89.87,Planted Longleaf Pine Forest
15600_513,1.86,Upland Hardwood Forest
15600_514,0.82,Nontimbered
15601_514,54.57,Planted Loblolly Pine Forest
15601_515,13.67,Natural Loblolly Pine Forest
15601_516,10.11,Nontimbered
15601_517,8.64,Nontimbered
15601_518,3.77,Nontimbered
15601_519,2.25,Nontimbered
15602_519,46.06,Natural Loblolly Pine Forest
15602_520,29.02,Mesic Hardwood Forest
15602_521,2.91,Upland Hardwood Forest
15602_522,13.02,Upland Hardwood Forest
15602_523,3.87,Natural Loblolly Pine Forest
15603_523,70.54,Planted Loblolly Pine Forest
15603_524,4.29,Upland Hardwood Forest
15603_525,5.18,Mesic Hardwood Forest
15603_526,55.95,Planted Loblolly Pine Forest
15603_527,0.48,Nontimbered
15603_527,11.23,Natural Loblolly Pine Forest
15603_528,2.49,Natural Loblolly Pine Forest
15603_529,1.58,Natural Loblolly Pine Forest
15603_530,3.39,Mesic Hardwood Forest
15603_531,6.3,Planted Loblolly Pine Forest
15603_532,25.56,Planted Loblolly Pine Forest
15603_533,52.18,Natural Loblolly Pine Forest
15603_534,20.44,Natural Loblolly Pine Forest
15603_535,19.12,Natural Loblolly Pine Forest
15603_536,83,Planted Loblolly Pine Forest
15603_537,49.08,Planted Loblolly Pine Forest
15603_538,51.93,Planted Loblolly Pine Forest
15603_539,21.25,Planted Loblolly Pine Forest
15603_540,50.38,Planted Loblolly Pine Forest
15603_541,63.75,Planted Loblolly Pine Forest
15603_542,19.19,Planted Loblolly Pine Forest
15603_543,42.52,Planted Loblolly Pine Forest
15603_544,26.24,Planted Loblolly Pine Forest
15603_545,5.88,Natural Loblolly Pine Forest
15603_546,7.96,Planted Loblolly Pine Forest
15603_547,19.31,Planted Loblolly Pine Forest
15603_548,4.83,Natural Loblolly Pine Forest
15604_549,25.97,Natural Longleaf Pine Forest
15604_550,16.4,"Non-Forest, Plantable"
15604_551,5.87,Natural Longleaf Pine Forest
15605_552,1.79,Upland Hardwood Forest
15605_553,1.19,Upland Hardwood Forest
15605_554,20.75,Natural Loblolly Pine Forest
15605_555,0.52,Nontimbered
15605_556,1.62,Upland Hardwood Forest
15605_557,3.24,Nontimbered
15605_557,6.46,Natural Loblolly Pine Forest
15605_558,2.77,Upland Hardwood Forest
15605_559,74.76,Planted Loblolly Pine Forest
15605_560,4.43,Mesic Hardwood Forest
15605_561,5.22,Planted/Naturalized Sand Pine Forest
15606_563,62.42,Planted Loblolly Pine Forest
15606_564,71.34,Planted Loblolly Pine Forest
15606_565,26.58,Planted Loblolly Pine Forest
15606_566,44.89,Planted Loblolly Pine Forest
15606_567,14.07,Mesic Hardwood Forest
15606_568,21.88,Planted Loblolly Pine Forest
15606_569,13.73,Mesic Hardwood Forest
15606_572,6.96,Nontimbered
15606_573,4.05,Planted Loblolly Pine Forest
15606_574,17.63,Natural Loblolly Pine Forest
15606_575,68.93,Natural Loblolly Pine Forest
15606_577,19.96,Planted Loblolly Pine Forest
15606_578,10.99,Nontimbered
15606_579,16.72,Planted Loblolly Pine Forest
15607_580,103.62,Planted Loblolly Pine Forest
15607_581,11.01,Planted Loblolly Pine Forest
15607_582,5.13,Natural Loblolly Pine Forest
15607_583,1.97,Natural Loblolly Pine Forest
15607_584,0.66,Nontimbered
15607_584,2.27,Nontimbered
15607_584,6.34,Nontimbered
15607_584,237.18,Mesic Hardwood Forest
15607_585,0.74,Nontimbered
15607_586,0.37,Nontimbered
15607_587,0.45,Nontimbered
15607_588,0.66,Nontimbered
15607_589,1.33,Nontimbered
15607_590,1.82,Nontimbered
15607_591,54.8,Planted Loblolly Pine Forest
15607_592,38.96,Planted Loblolly Pine Forest
15607_593,36.32,Planted Loblolly Pine Forest
15607_595,47.86,Planted Loblolly Pine Forest
15607_596,77.55,Planted Loblolly Pine Forest
15607_597,2.76,Mesic Hardwood Forest
15608_598,16.05,Natural Loblolly Pine Forest
15608_599,4.42,Upland Hardwood Forest
15608_600,1.53,Upland Hardwood Forest
15608_601,27.48,Upland Hardwood Forest
15608_602,7.1,Upland Hardwood Forest
15608_603,4.31,Upland Hardwood Forest
15608_604,0.43,Nontimbered
15608_605,2.39,Nontimbered
15608_606,3.37,Nontimbered
15608_607,3.61,Nontimbered
15608_608,0.52,Nontimbered
15608_609,3.23,Nontimbered
15608_610,7.58,Nontimbered
15608_611,9.64,Nontimbered
15608_612,13.67,Natural Loblolly Pine Forest
15608_613,14.32,Mesic Hardwood Forest
15609_612,236.04,Loblolly Pine Forest underplanted with Longleaf
15609_613,31.18,"Non-Forest, Plantable"
15609_614,6.33,Planted Slash Pine Forest
15609_615,51.91,Planted Loblolly Pine Forest
15609_616,38.43,Mesic Hardwood Forest
15609_617,73.18,Planted Longleaf Pine Forest
15609_618,22.99,Planted Longleaf Pine Forest
15609_619,83.59,Planted Loblolly Pine Forest
15609_620,103.93,Planted Loblolly Pine Forest
15609_621,11.04,Planted Loblolly Pine Forest
15609_622,2.88,Nontimbered
15609_623,2.5,Nontimbered
15609_624,31.45,Natural Loblolly Pine Forest
15609_625,1.84,Nontimbered
15609_626,158.83,Planted Longleaf Pine Forest
15609_627,7.64,Planted Loblolly Pine Forest
15609_628,5.14,Planted Loblolly Pine Forest
15609_629,15.09,Planted Slash Pine Forest
15609_630,2.73,Mesic Hardwood Forest
15609_631,99.7,Mesic Hardwood Forest
15609_632,25.51,Planted Loblolly Pine Forest
15609_633,25.75,Planted Loblolly Pine Forest
15609_634,17.85,Loblolly Pine Forest underplanted with Longleaf
15609_635,0.94,Nontimbered
15609_636,0.81,Nontimbered
15609_637,0.62,Nontimbered
15609_638,111.35,Mesic Hardwood Forest
15609_639,6.01,Planted Longleaf Pine Forest
15609_640,30.59,"Non-Forest, Plantable"
15609_641,39.8,Planted Loblolly Pine Forest
15609_642,8.74,Planted Loblolly Pine Forest
15609_643,22.94,Planted Longleaf Pine Forest
15609_644,94.59,Planted Loblolly Pine Forest
15609_645,127.3,Planted Longleaf Pine Forest
15609_646,61.92,Loblolly Pine Forest underplanted with Longleaf
15609_647,84.18,Loblolly Pine Forest underplanted with Longleaf
15609_648,61.49,Loblolly Pine Forest underplanted with Longleaf
15609_649,17.69,Planted Loblolly Pine Forest
15610_650,90.49,Planted Longleaf Pine Forest
15610_651,9.22,Mesic Hardwood Forest
15611_652,230.3,Planted Loblolly Pine Forest
15611_653,0.78,Mesic Hardwood Forest
15611_654,13.78,Mesic Hardwood Forest
15611_656,14.29,Mesic Hardwood Forest
15611_661,0.67,Upland Hardwood Forest
15612_662,50.23,"Non-Forest, Plantable"
15612_663,5.52,Natural Loblolly Pine Forest
15612_664,12.74,Nontimbered
15612_665,97.95,"Non-Forest, Plantable"
15612_666,63.74,"Non-Forest, Plantable"
15612_667,81.54,"Non-Forest, Plantable"
15612_668,94.29,"Non-Forest, Plantable"
15612_669,92.75,"Non-Forest, Plantable"
15612_670,26.31,"Non-Forest, Plantable"
15612_671,0.63,Nontimbered
15612_672,64.34,"Non-Forest, Plantable"
15612_673,41.51,Planted Longleaf Pine Forest
15612_674,3.99,Nontimbered
15612_675,40.57,"Non-Forest, Plantable"
15612_676,32.36,"Non-Forest, Plantable"
15612_677,119.86,"Non-Forest, Plantable"
15612_678,45.46,"Non-Forest, Plantable"
15612_679,44.17,"Non-Forest, Plantable"
15612_680,39.86,"Non-Forest, Plantable"
15613_681,2.67,Nontimbered
15613_682,70.03,Planted Loblolly Pine Forest
15613_683,158.56,Planted Loblolly Pine Forest
15613_684,64.39,Planted Loblolly Pine Forest
15613_685,28.12,Planted Loblolly Pine Forest
15613_686,43.93,Mesic Hardwood Forest
15613_687,14.8,Planted Loblolly Pine Forest
15613_688,24.09,Mesic Hardwood Forest
15613_689,9.89,Mesic Hardwood Forest
15613_690,2.9,Mesic Hardwood Forest
15613_691,14.4,Planted Loblolly Pine Forest
15613_692,22.88,Planted Loblolly Pine Forest
15613_693,38.71,Planted Loblolly Pine Forest
15613_694,27,Nontimbered
15613_695,15.09,Natural Loblolly Pine Forest
15613_696,7.58,Natural Loblolly Pine Forest
15613_697,47.51,Planted Loblolly Pine Forest
15613_699,8.71,Nontimbered
15613_700,1.62,Nontimbered
15613_701,48.15,Planted Loblolly Pine Forest
15614_702,60.46,Planted Loblolly Pine Forest
15614_704,5.29,Planted Loblolly Pine Forest
15614_706,12.61,Mesic Hardwood Forest
15614_706,2.01,Mesic Hardwood Forest
15615_709,63.61,Planted Longleaf Pine Forest
15615_710,10.52,Planted Loblolly Pine Forest
15615_711,37.82,Mesic Hardwood Forest
15615_712,149.22,Mesic Hardwood Forest
15615_713,14.98,Mesic Hardwood Forest
15615_714,29.88,Nontimbered
15615_715,6.64,Nontimbered
15615_716,73.01,Natural Loblolly Pine Forest
15615_717,9.55,Planted Loblolly Pine Forest
15615_718,217.76,Planted Longleaf Pine Forest
15615_719,2.05,Nontimbered
15615_720,2.47,Nontimbered
15615_721,4.53,Nontimbered
15615_722,2.4,Nontimbered
15615_723,1.22,Nontimbered
15615_724,5.22,Nontimbered
15615_725,17.5,Nontimbered
15615_726,6.9,Nontimbered
15615_727,15.29,Nontimbered
15615_728,0.61,Nontimbered
15615_729,8.64,Nontimbered
15615_730,0.78,Nontimbered
15615_731,1.48,Nontimbered
15615_732,18.02,Nontimbered
15615_733,1.89,Natural Longleaf Pine Forest
15615_735,16.02,Natural Loblolly Pine Forest
15615_736,209.24,Planted Longleaf Pine Forest
15615_737,15.8,Natural Longleaf Pine Forest
15615_738,15.19,Natural Loblolly Pine Forest
15615_739,7.35,Planted Loblolly Pine Forest
15615_740,9.09,Natural Loblolly Pine Forest
15615_741,4.54,Upland Hardwood Forest
15615_742,5.09,Natural Longleaf Pine Forest
15616_741,122.79,Planted Longleaf Pine Forest
15616_742,2.9,Planted Longleaf Pine Forest
15616_743,22.21,Planted Longleaf Pine Forest
15616_744,87.89,Planted Loblolly Pine Forest
15616_745,0.99,Natural Longleaf Pine Forest
15616_746,9.66,Planted Loblolly Pine Forest
15616_747,14.82,Mesic Hardwood Forest
15616_748,17.53,Planted Loblolly Pine Forest
15616_749,47.07,Mesic Hardwood Forest
15616_750,1.21,Planted Loblolly Pine Forest
15616_751,6.6,Planted Loblolly Pine Forest
15616_752,1.97,Planted Loblolly Pine Forest
15616_754,4.29,Planted Loblolly Pine Forest
15616_755,11.3,Planted Loblolly Pine Forest
15616_756,11.3,Nontimbered
15616_757,38.68,Planted Loblolly Pine Forest
15616_759,85.74,Mesic Hardwood Forest
15616_761,1.21,Mesic Hardwood Forest
15616_762,5.69,Mesic Hardwood Forest
15616_763,3.08,Mesic Hardwood Forest
15616_765,42.09,Planted Loblolly Pine Forest
15616_766,370.1,Planted Loblolly Pine Forest
15616_767,93.91,Planted Longleaf Pine Forest
15617_767,5.73,Planted Longleaf Pine Forest
15617_768,5.45,Planted Longleaf Pine Forest
15617_769,42.66,Planted Longleaf Pine Forest
15617_770,163.39,Planted Longleaf Pine Forest
15617_771,32.07,Planted Longleaf Pine Forest
15618_773,27.41,Natural Loblolly Pine Forest
15618_774,10.04,Natural Loblolly Pine Forest
15618_775,12.28,Natural Loblolly Pine Forest
15618_776,24.73,Natural Loblolly Pine Forest
15619_778,0.88,Upland Hardwood Forest
15619_779,3.11,Mesic Hardwood Forest
15619_780,26.68,Natural Loblolly Pine Forest
15619_781,79.73,Planted Loblolly Pine Forest
15619_782,11.37,Nontimbered
15619_783,15.62,Upland Hardwood Forest
15619_784,8.46,Natural Longleaf Pine Forest
15619_785,18.49,Natural Loblolly Pine Forest
15619_786,23.06,Mesic Hardwood Forest
15619_787,0.88,Natural Longleaf Pine Forest
15619_788,4.6,Upland Hardwood Forest
15619_789,11.64,Natural Loblolly Pine Forest
15620_790,171.7,Natural Loblolly Pine Forest
15620_791,6.8,Natural Loblolly Pine Forest
15621_794,26.08,Natural Longleaf Pine Forest
15621_796,4.73,Nontimbered
15621_797,24.05,Nontimbered
15621_797,1.94,Natural Longleaf Pine Forest
15621_798,6.53,Upland Hardwood Forest
